"Country,Other",TotalCases,NewCases,TotalDeaths,NewDeaths,TotalRecovered,NewRecovered,ActiveCases,"Serious,Critical",Tot Cases/1M pop,Deaths/1M pop,TotalTests,Tests/1M pop,Population,Continent,1 Caseevery X ppl,1 Deathevery X ppl,1 Testevery X ppl,New Cases/1M pop,New Deaths/1M pop,Active Cases/1M pop
World,"177,469,466","+70,703","3,839,875","+1,793","161,919,535","+89,301","11,710,056","83,488","22,768",492.6,,,,All,"
",,,,,
USA,"34,352,185",,"615,717 ",,"28,578,701",,"5,157,767","4,348","103,205","1,850","496,017,405","1,490,191","332,854,943 ",North America,10,541,1,,,"15,496"
India,"29,633,105",+844,"379,601 ",,"28,388,100","+7,466","865,404","8,944","21,274",273,"383,306,971","275,179","1,392,938,612 ",Asia,47,"3,669",4,0.6,,621
Brazil,"17,543,853",,"491,164 ",,"15,944,646",,"1,108,043","8,318","81,980","2,295","50,870,041","237,709","214,000,878 ",South America,12,436,4,,,"5,178"
France,"5,744,589",,"110,530 ",,"5,511,166",,"122,893","1,952","87,822","1,690","89,539,284","1,368,862","65,411,469 ",Europe,11,592,1,,,"1,879"
Turkey,"5,342,028",,"48,879 ",,"5,211,022",,"82,127",886,"62,697",574,"57,447,635","674,236","85,204,009 ",Asia,16,"1,743",1,,,964
Russia,"5,249,990","+13,397","127,576 ",+396,"4,828,500","+10,256","293,914","2,300","35,960",874,"143,600,000","983,600","145,994,256 ",Europe,28,"1,144",1,92,3,"2,013"
UK,"4,581,006",,"127,917 ",,"4,292,182",,"160,907",188,"67,144","1,875","196,799,580","2,884,509","68,226,374 ",Europe,15,533,0,,,"2,358"
Italy,"4,247,032",,"127,101 ",,"4,014,045",,"105,886",504,"70,342","2,105","68,896,197","1,141,103","60,376,836 ",Europe,14,475,1,,,"1,754"
Argentina,"4,172,742",,"86,615 ",,"3,771,968",,"314,159","7,890","91,525","1,900","15,396,089","337,699","45,591,209 ",South America,11,526,3,,,"6,891"
Colombia,"3,802,052",,"96,965 ",,"3,539,442",,"165,645","8,155","73,970","1,886","18,340,111","356,813","51,399,797 ",South America,14,530,3,,,"3,223"
Spain,"3,745,199",,"80,579 ",,"3,533,204",,"131,416",899,"80,073","1,723","51,240,666","1,095,540","46,772,083 ",Europe,12,580,1,,,"2,810"
Germany,"3,725,303",,"90,638 ",,"3,590,900","+4,900","43,765","1,210","44,328","1,079","62,263,057","740,876","84,039,769 ",Europe,23,927,1,,,521
Iran,"3,060,135","+10,487","82,480  ",+129,"2,696,434","+13,224","281,221","3,346","35,994",970,"21,941,648","258,085","85,016,986 ",Asia,28,"1,031",4,123,2,"3,308"
Poland,"2,878,061",+241,"74,688 ",+62,"2,649,184",+104,"154,189",265,"76,125","1,976","16,718,899","442,217","37,806,989 ",Europe,13,506,2,6,2,"4,078"
Mexico,"2,459,601","+4,250","230,424 ",+239,"1,960,036","+3,460","269,141","4,798","18,887","1,769","7,252,170","55,690","130,223,895 ",North America,53,565,18,33,2,"2,067"
Ukraine,"2,226,037","+1,045","51,847 ",+78,"2,140,978","+4,802","33,212",177,"51,194","1,192","10,576,820","243,244","43,482,346 ",Europe,20,839,4,24,2,764
Peru,"2,007,477",,"189,261 ",,N/A,N/A,N/A,"2,528","60,088","5,665","13,510,063","404,381","33,409,212 ",South America,17,177,2,,,"2,920"
Indonesia,"1,937,652","+9,944","53,476 ",+196,"1,763,870","+6,229","120,306",,"7,013",194,"18,103,302","65,525","276,280,363 ",Asia,143,"5,166",15,36,0.7,435
South Africa,"1,761,066",,"58,087 ",,"1,616,405",,"86,574",546,"29,341",968,"12,270,842","204,442","60,021,000 ",Africa,34,"1,033",5,,,"1,442"
Netherlands,"1,674,628",,"17,715 ",,"1,580,449",,"76,464",254,"97,526","1,032","14,444,249","841,196","17,171,085 ",Europe,10,969,1,,,"4,453"
Czechia,"1,665,526",+213,"30,254 ",+2,"1,630,977",+22,"4,295",19,"155,251","2,820","27,263,556","2,541,355","10,727,959 ",Europe,6,355,0,20,0.2,400
Chile,"1,487,239",,"30,865 ",,"1,413,414",,"42,960","3,275","77,168","1,601","16,081,026","834,395","19,272,684 ",South America,13,624,1,,,"2,229"
Canada,"1,404,093",,"25,972 ",,"1,363,198",,"14,923",670,"36,894",682,"35,830,746","941,485","38,057,711 ",North America,27,"1,465",1,,,392
Philippines,"1,332,832","+5,414","23,121 ",+158,"1,253,541","+7,637","56,170","1,704","12,011",208,"14,177,333","127,758","110,970,140 ",Asia,83,"4,800",8,49,1,506
Iraq,"1,264,301",,"16,762 ",,"1,180,713",,"66,826",452,"30,777",408,"11,062,447","269,292","41,079,782 ",Asia,32,"2,451",4,,,"1,627"
Sweden,"1,084,636",,"14,537 ",,"1,030,414",,"39,685",98,"106,762","1,431","10,423,085","1,025,959","10,159,355 ",Europe,9,699,1,,,"3,906"
Romania,"1,079,983",+104,"32,028 ",+18,"1,044,687",+124,"3,268",192,"56,500","1,676","9,465,003","495,164","19,114,875 ",Europe,18,597,2,5,0.9,171
Belgium,"1,077,087",+508,"25,099 ",+6,"1,003,023",,"48,965",276,"92,551","2,157","14,596,027","1,254,194","11,637,775 ",Europe,11,464,1,44,0.5,"4,207"
Pakistan,"944,065","+1,038","21,828 ",+46,"882,332","+2,016","39,905","2,490","4,196",97,"13,934,493","61,939","224,969,938 ",Asia,238,"10,306",16,5,0.2,177
Portugal,"859,045",,"17,049 ",,"816,503",,"25,493",79,"84,483","1,677","12,425,225","1,221,960","10,168,278 ",Europe,12,596,1,,,"2,507"
Israel,"839,701",,"6,428 ",,"833,052",,221,29,"90,039",689,"14,758,111","1,582,470","9,326,000 ",Asia,11,"1,451",1,,,24
Bangladesh,"833,291",,"13,222 ",,"771,073",,"48,996","1,195","5,012",80,"6,218,979","37,407","166,253,486 ",Asia,200,"12,574",27,,,295
Hungary,"807,209",+107,"29,944 ",+9,"732,901","+1,275","44,364",53,"83,762","3,107","6,009,124","623,554","9,636,896 ",Europe,12,322,2,11,0.9,"4,604"
Japan,"777,643","+1,418","14,187 ",+61,"736,941","+3,625","26,515",803,"6,167",113,"15,557,809","123,371","126,106,205 ",Asia,162,"8,889",8,11,0.5,210
Jordan,"744,377",,"9,614 ",,"727,670",,"7,093",540,"72,272",933,"7,583,811","736,314","10,299,693 ",Asia,14,"1,071",1,,,689
Serbia,"715,147",,"6,976 ",,"704,472",,"3,699",20,"82,166",801,"4,293,037","493,242","8,703,708 ",Europe,12,"1,248",2,,,425
Switzerland,"700,978",,"10,864 ",,"668,678",,"21,436",84,"80,434","1,247","8,017,244","919,936","8,714,999 ",Europe,12,802,1,,,"2,460"
Malaysia,"673,026","+5,150","4,142 ",+73,"600,935","+7,240","67,949",924,"20,544",126,"13,290,585","405,683","32,760,998 ",Asia,49,"7,909",2,157,2,"2,074"
Austria,"649,002",+153,"10,671 ",+3,"634,900",+461,"3,431",92,"71,670","1,178","49,167,859","5,429,649","9,055,440 ",Europe,14,849,0,17,0.3,379
Nepal,"612,202",,"8,506 ",,"540,439",,"63,257",,"20,658",287,"3,231,612","109,046","29,635,231 ",Asia,48,"3,484",9,,,"2,135"
UAE,"601,950",,"1,734 ",,"581,139",,"19,077",,"60,169",173,"53,787,952","5,376,510","10,004,250 ",Asia,17,"5,769",0,,,"1,907"
Lebanon,"542,819",,"7,804 ",,"527,949",,"7,066",77,"79,871","1,148","4,599,186","676,728","6,796,207 ",Asia,13,871,1,,,"1,040"
Morocco,"524,475",,"9,217 ",,"511,794",,"3,464",119,"14,051",247,"6,646,846","178,069","37,327,398 ",Africa,71,"4,050",6,,,93
Saudi Arabia,"468,175",,"7,606 ",,"450,255",,"10,314","1,569","13,252",215,"20,526,803","581,004","35,329,897 ",Asia,75,"4,645",2,,,292
Ecuador,"439,374",,"21,061 ",,"398,645",,"19,668",434,"24,549","1,177","1,472,652","82,280","17,898,069 ",South America,41,850,12,,,"1,099"
Bulgaria,"420,654",,"17,932 ",,"390,971",,"11,751",241,"60,979","2,599","3,013,425","436,831","6,898,378 ",Europe,16,385,2,,,"1,703"
Greece,"416,195",,"12,459 ",,"394,314",,"9,422",343,"40,118","1,201","10,129,590","976,407","10,374,348 ",Europe,25,833,1,,,908
Bolivia,"411,677","+2,571","15,738 ",+124,"326,484","+2,456","69,455",200,"34,815","1,331","1,660,189","140,401","11,824,655 ",South America,29,751,7,217,10,"5,874"
Belarus,"406,861",,"2,995 ",,"399,549",,"4,317",,"43,071",317,"6,555,214","693,941","9,446,352 ",Europe,23,"3,154",1,,,457
Kazakhstan,"404,064","+1,068","4,195 ",+15,"379,974","+1,267","19,895",221,"21,277",221,"11,575,012","609,510","18,990,692 ",Asia,47,"4,527",2,56,0.8,"1,048"
Paraguay,"396,149",,"11,069 ",,"330,395",,"54,685",582,"54,899","1,534","1,424,043","197,345","7,216,004 ",South America,18,652,5,,,"7,578"
Slovakia,"391,149",+62,"12,456 ",+10,"377,544",+119,"1,149",42,"71,611","2,280","2,903,570","531,578","5,462,169 ",Europe,14,439,2,11,2,210
Panama,"389,173",,"6,452 ",,"373,070",,"9,651",105,"88,864","1,473","2,817,872","643,436","4,379,410 ",North America,11,679,2,,,"2,204"
Tunisia,"372,221",,"13,656 ",,"324,846",,"33,719",424,"31,183","1,144","1,575,876","132,022","11,936,492 ",Africa,32,874,8,,,"2,825"
Croatia,"358,823",+146,"8,162 ",+2,"349,860",+110,801,28,"87,924","2,000","2,092,201","512,664","4,081,041 ",Europe,11,500,2,36,0.5,196
Georgia,"356,179",+811,"5,096 ",+13,"341,775",+672,"9,308",,"89,451","1,280","5,434,673","1,364,863","3,981,846 ",Asia,11,781,1,204,3,"2,338"
Costa Rica,"345,312",,"4,407 ",,"265,255",,"75,650",485,"67,201",858,"1,351,949","263,103","5,138,472 ",North America,15,"1,166",4,,,"14,722"
Uruguay,"343,615",,"5,089 ",,"307,189",,"31,337",437,"98,592","1,460","2,576,667","739,312","3,485,225 ",South America,10,685,1,,,"8,991"
Azerbaijan,"335,264",,"4,958 ",,"328,876",,"1,430",,"32,784",485,"3,637,889","355,738","10,226,319 ",Asia,31,"2,063",3,,,140
Kuwait,"331,013",,"1,831 ",,"312,850",,"16,332",185,"76,434",423,"2,775,505","640,891","4,330,696 ",Asia,13,"2,365",2,,,"3,771"
Palestine,"311,948",,"3,542 ",,"304,390",,"4,016",13,"59,829",679,"1,865,311","357,749","5,214,023 ",Asia,17,"1,472",3,,,770
Dominican Republic,"310,391",,"3,717 ",,"253,272",,"53,402",469,"28,342",339,"1,632,441","149,059","10,951,609 ",North America,35,"2,946",7,,,"4,876"
Denmark,"290,333",,"2,527 ",,"280,084",,"7,722",19,"49,957",435,"63,242,649","10,881,993","5,811,679 ",Europe,20,"2,300",0,,,"1,329"
Lithuania,"278,072",+126,"4,352 ",+3,"264,362",+325,"9,358",83,"103,531","1,620","3,633,644","1,352,867","2,685,885 ",Europe,10,617,1,47,1,"3,484"
Ethiopia,"274,480",,"4,257 ",,"251,880",,"18,343",242,"2,333",36,"2,797,358","23,774","117,666,384 ",Africa,429,"27,641",42,,,156
Egypt,"274,404",,"15,691 ",,"202,650",,"56,063",90,"2,634",151,"2,869,589","27,547","104,169,640 ",Africa,380,"6,639",36,,,538
Guatemala,"273,730",,"8,500 ",,"248,316",,"16,914",5,"15,015",466,"1,505,963","82,606","18,230,717 ",North America,67,"2,145",12,,,928
Ireland,"267,344",,"4,941 ",,"250,731",,"11,672",23,"53,572",990,"4,729,538","947,737","4,990,348 ",Europe,19,"1,010",1,,,"2,339"
Bahrain,"260,334",,"1,246 ",,"247,493",,"11,595",266,"148,124",709,"4,845,013","2,756,703","1,757,539 ",Asia,7,"1,411",0,,,"6,597"
Slovenia,"256,701",+118,"4,409 ",+1,"250,016",+374,"2,276",38,"123,461","2,121","1,323,715","636,643","2,079,211 ",Europe,8,472,2,57,0.5,"1,095"
Moldova,"255,878",,"6,156 ",,"248,812",,910,59,"63,572","1,529","1,187,376","295,000","4,024,999 ",Europe,16,654,3,,,226
Venezuela,"254,116",,"2,865 ",,"234,393",,"16,858",287,"8,961",101,"3,359,014","118,447","28,358,896 ",South America,112,"9,898",8,,,594
Honduras,"249,118","+1,003","6,674 ",+21,"90,548","+1,224","151,896",570,"24,777",664,"757,632","75,352","10,054,524 ",North America,40,"1,507",13,100,2,"15,107"
Oman,"240,708","+2,142","2,591 ",+26,"212,808",+744,"25,309",383,"46,026",495,"1,550,000","296,375","5,229,869 ",Asia,22,"2,018",3,410,5,"4,839"
Sri Lanka,"228,256",,"2,315 ",,"192,478",,"33,463",,"10,617",108,"3,743,577","174,128","21,498,965 ",Asia,94,"9,287",6,,,"1,556"
Armenia,"223,904",+99,"4,490 ",+1,"215,533",+78,"3,881",,"75,426","1,513","1,134,905","382,312","2,968,534 ",Asia,13,661,3,33,0.3,"1,307"
Qatar,"220,033",,579 ,,"217,352",,"2,102",80,"78,365",206,"2,090,365","744,484","2,807,805 ",Asia,13,"4,849",1,,,749
Bosnia and Herzegovina,"204,697",,"9,534 ",,"178,136",,"17,027",,"62,766","2,923","1,006,995","308,772","3,261,291 ",Europe,16,342,3,,,"5,221"
Thailand,"204,595","+2,331","1,525 ",+40,"167,665","+4,947","35,405","1,169","2,924",22,"8,129,670","116,192","69,967,258 ",Asia,342,"45,880",9,33,0.6,506
Libya,"189,888",+330,"3,166 ",,"175,471",+242,"11,251",,"27,282",455,"1,077,979","154,876","6,960,273 ",Africa,37,"2,198",6,47,,"1,616"
Kenya,"176,137",,"3,428 ",,"120,894",,"51,815",113,"3,209",62,"1,876,105","34,175","54,896,420 ",Africa,312,"16,014",29,,,944
Nigeria,"167,095",,"2,117 ",,"163,483",,"1,495",11,792,10,"2,231,409","10,576","210,988,844 ",Africa,"1,263","99,664",95,,,7
Cuba,"160,594",,"1,106 ",,"152,014",,"7,474",161,"14,187",98,"4,657,880","411,473","11,320,008 ",North America,70,"10,235",2,,,660
North Macedonia,"155,568",,"5,472 ",,"149,676",,420,25,"74,674","2,627","838,323","402,403","2,083,292 ",Europe,13,381,2,,,202
S. Korea,"149,191",+544,"1,993 ",+1,"140,438",+705,"6,760",159,"2,908",39,"10,229,384","199,359","51,311,342 ",Asia,344,"25,746",5,11,0.02,132
Myanmar,"146,051",,"3,248 ",,"133,104",,"9,699",,"2,667",59,"2,654,252","48,473","54,757,812 ",Asia,375,"16,859",21,,,177
Latvia,"136,403",+156,"2,475 ",+11,"131,480",+657,"2,448",48,"73,090","1,326","2,809,291","1,505,335","1,866,223 ",Europe,14,754,1,84,6,"1,312"
Algeria,"134,115",,"3,588 ",,"93,355",,"37,172",31,"3,007",80,"230,861","5,176","44,604,135 ",Africa,333,"12,431",193,,,833
Albania,"132,469",,"2,454 ",,"129,879",,136,18,"46,079",854,"763,660","265,640","2,874,793 ",Europe,22,"1,171",4,,,47
Estonia,"130,658",+59,"1,266 ",,"126,188",+259,"3,204",3,"98,432",954,"1,483,720","1,117,775","1,327,387 ",Europe,10,"1,048",1,44,,"2,414"
Norway,"128,499",,789 ,,"88,952",,"38,758",10,"23,527",144,"5,901,783","1,080,581","5,461,674 ",Europe,43,"6,922",1,,,"7,096"
Zambia,"115,824",,"1,444 ",,"99,895",,"14,485",721,"6,137",77,"1,709,858","90,602","18,872,133 ",Africa,163,"13,069",11,,,768
Kyrgyzstan,"111,990",+647,"1,912 ",+7,"103,565",+308,"6,513",102,"16,900",289,"1,207,743","182,256","6,626,615 ",Asia,59,"3,466",5,98,1,983
Uzbekistan,"104,463",+350,711 ,+2,"100,328",+342,"3,424",23,"3,079",21,"1,377,915","40,609","33,931,013 ",Asia,325,"47,723",25,10,0.06,101
Montenegro,"99,988",,"1,602 ",,"97,980",,406,60,"159,181","2,550","432,662","688,796","628,142 ",Europe,6,392,1,,,646
Ghana,"94,699",,790 ,,"92,696",,"1,213",9,"2,988",25,"1,215,518","38,357","31,689,293 ",Africa,335,"40,113",26,,,38
Finland,"94,026",+103,964 ,,"46,000",,"47,062",9,"16,945",174,"5,257,710","947,516","5,548,943 ",Europe,59,"5,756",1,19,,"8,481"
Afghanistan,"93,765",,"3,705 ",,"61,820",,"28,240","1,124","2,358",93,"534,505","13,443","39,761,029 ",Asia,424,"10,732",74,,,710
Mongolia,"83,128","+2,395",389 ,+9,"58,649",+827,"24,090",126,"24,974",117,"3,097,091","930,468","3,328,529 ",Asia,40,"8,557",1,720,3,"7,237"
Cameroon,"80,090",,"1,310 ",,"77,305",,"1,475",152,"2,947",48,"1,718,937","63,259","27,173,011 ",Africa,339,"20,743",16,,,54
El Salvador,"76,297",,"2,310 ",+5,"70,791",,"3,196",40,"11,707",354,"1,030,223","158,072","6,517,444 ",North America,85,"2,821",6,,0.8,490
Cyprus,"73,311",,374 ,,"71,716",,"1,221",9,"60,301",308,"7,289,673","5,996,064","1,215,743 ",Asia,17,"3,251",0,,,"1,004"
Mozambique,"71,651",,842 ,,"69,937",,872,17,"2,233",26,"569,683","17,755","32,085,726 ",Africa,448,"38,107",56,,,27
Maldives,"70,897",,198 ,,"62,533",,"8,166",90,"128,997",360,"941,765","1,713,546","549,600 ",Asia,8,"2,776",1,,,"14,858"
Luxembourg,"70,466",,818 ,,"69,130",,518,2,"110,853","1,287","2,995,669","4,712,624","635,669 ",Europe,9,777,0,,,815
Namibia,"67,021",,"1,040 ",,"55,538",,"10,443",79,"25,930",402,"473,457","183,179","2,584,668 ",Africa,39,"2,485",5,,,"4,040"
Uganda,"64,521",,459 ,,"48,480",,"15,582",24,"1,370",10,"1,210,114","25,687","47,109,178 ",Africa,730,"102,634",39,,,331
Singapore,"62,339",+24,34 ,,"61,911",,394,2,"10,576",6,"12,809,152","2,173,169","5,894,228 ",Asia,95,"173,360",0,4,,67
Botswana,"61,457",,926 ,,"56,798",,"3,733",1,"25,642",386,"1,230,113","513,241","2,396,756 ",Africa,39,"2,588",2,,,"1,558"
Jamaica,"49,379",,"1,012 ",,"27,919",,"20,448",9,"16,606",340,"409,510","137,720","2,973,506 ",North America,60,"2,938",7,,,"6,877"
Ivory Coast,"47,909",,306 ,,"47,266",,337,,"1,775",11,"654,588","24,246","26,998,247 ",Africa,564,"88,230",41,,,12
Senegal,"42,118",+68,"1,156 ",,"40,667",+30,295,8,"2,454",67,"542,495","31,609","17,162,516 ",Africa,407,"14,846",32,4,,17
Madagascar,"41,998",+32,892 ,+1,"40,318",+39,788,78,"1,481",31,"209,835","7,397","28,366,486 ",Africa,675,"31,801",135,1,0.04,28
Zimbabwe,"40,318",,"1,637 ",,"37,056",,"1,625",2,"2,676",109,"601,540","39,919","15,068,912 ",Africa,374,"9,205",25,,,108
Cambodia,"40,157",+693,368 ,+7,"34,325",+754,"5,464",,"2,371",22,"1,262,862","74,552","16,939,298 ",Asia,422,"46,031",13,41,0.4,323
Angola,"36,921",,842 ,,"30,775",,"5,304",13,"1,091",25,"601,767","17,785","33,834,724 ",Africa,916,"40,184",56,,,157
Sudan,"36,304",,"2,732 ",,"29,994",,"3,578",,810,61,"232,965","5,198","44,821,410 ",Africa,"1,235","16,406",192,,,80
DRC,"35,918",,854 ,,"27,859",,"7,205",,390,9,"179,052","1,943","92,141,230 ",Africa,"2,565","107,894",515,,,78
Malawi,"34,588",,"1,162 ",,"32,773",,653,12,"1,765",59,"253,926","12,956","19,598,974 ",Africa,567,"16,867",77,,,33
Cabo Verde,"31,704",,276 ,,"30,590",,838,23,"56,439",491,"163,434","290,941","561,742 ",Africa,18,"2,035",3,,,"1,492"
Malta,"30,585",+3,419 ,,"30,121",+9,45,,"69,093",947,"957,441","2,162,897","442,666 ",Europe,14,"1,056",0,7,,102
Australia,"30,285",+13,910 ,,"29,189",,186,1,"1,175",35,"19,423,269","753,371","25,781,801 ",Australia/Oceania,851,"28,332",1,0.5,,7
Trinidad and Tobago,"29,309",,686 ,,"19,667",,"8,956",22,"20,878",489,"212,899","151,657","1,403,816 ",North America,48,"2,046",7,,,"6,380"
Rwanda,"28,912",,372 ,,"26,383",,"2,157",14,"2,181",28,"1,516,498","114,393","13,256,952 ",Africa,459,"35,637",9,,,163
Réunion,"28,441",,220 ,,"26,333",,"1,888",32,"31,552",244,"102,720","113,955","901,407 ",Africa,32,"4,097",9,,,"2,095"
French Guiana,"25,950",,136 ,,"9,995",,"15,819",33,"84,796",444,"270,342","883,393","306,027 ",South America,12,"2,250",1,,,"51,692"
Syria,"24,904",,"1,821 ",,"21,690",,"1,393",,"1,391",102,"103,566","5,784","17,904,222 ",Asia,719,"9,832",173,,,78
Gabon,"24,755",,157 ,,"23,910",,688,17,"10,878",69,"842,822","370,374","2,275,598 ",Africa,92,"14,494",3,,,302
Guinea,"23,398",,167 ,,"21,488",,"1,743",24,"1,737",12,"460,401","34,178","13,470,650 ",Africa,576,"80,663",29,,,129
Mayotte,"20,176",,173 ,,"2,964",,"17,039",6,"72,299",620,"176,919","633,973","279,064 ",Africa,14,"1,613",2,,,"61,058"
Mauritania,"20,151",,477 ,,"19,223",,451,16,"4,228",100,"285,656","59,941","4,765,603 ",Africa,236,"9,991",17,,,95
French Polynesia,"18,947",,142 ,,"18,771",,34,,"67,079",503,"26,355","93,306","282,458 ",Australia/Oceania,15,"1,989",11,,,120
Suriname,"18,825",,418 ,,"14,423",,"3,984",33,"31,818",707,"71,637","121,081","591,644 ",South America,31,"1,415",8,,,"6,734"
Eswatini,"18,754",,676 ,,"17,959",,119,10,"16,007",577,"218,454","186,456","1,171,614 ",Africa,62,"1,733",5,,,102
Guyana,"18,530",,437 ,,"16,401",,"1,692",22,"23,451",553,"171,246","216,719","790,175 ",South America,43,"1,808",5,,,"2,141"
Papua New Guinea,"16,791",,165 ,,"16,132",,494,7,"1,844",18,"129,252","14,191","9,108,169 ",Australia/Oceania,542,"55,201",70,,,54
Haiti,"16,775",,360 ,,"12,568",,"3,847",,"1,454",31,"81,026","7,024","11,534,955 ",North America,688,"32,042",142,,,334
Guadeloupe,"16,608",,225 ,,"2,250",,"14,133",23,"41,500",562,"212,247","530,367","400,189 ",North America,24,"1,779",2,,,"35,316"
Somalia,"14,823",,775 ,,"7,099",,"6,949",,909,48,"140,863","8,635","16,313,666 ",Africa,"1,101","21,050",116,,,426
Mali,"14,356",,523 ,,"9,985",,"3,848",,690,25,"307,934","14,802","20,803,755 ",Africa,"1,449","39,778",68,,,185
Andorra,"13,828",,127 ,,"13,626",,75,3,"178,696","1,641","193,595","2,501,777","77,383 ",Europe,6,609,0,,,969
Togo,"13,651",,126 ,,"13,316",,209,,"1,613",15,"348,113","41,134","8,462,958 ",Africa,620,"67,166",24,,,25
Seychelles,"13,630",,50 ,,"12,173",,"1,407",,"137,777",505,"21,504","217,370","98,928 ",Africa,7,"1,979",5,,,"14,222"
Burkina Faso,"13,459",,167 ,,"13,287",,5,,628,8,"192,450","8,973","21,446,855 ",Africa,"1,593","128,424",111,,,0.2
Taiwan,"13,409",+170,478 ,+18,"8,042",,"4,889",,562,20,"1,591,613","66,712","23,857,953 ",Asia,"1,779","49,912",15,7,0.8,205
Tajikistan,"13,308",,90 ,,"13,218",,0,,"1,366",9,,,"9,741,113 ",Asia,732,"108,235",,,,
Belize,"12,989",,326 ,,"12,490",,173,1,"32,112",806,"143,475","354,703","404,493 ",North America,31,"1,241",3,,,428
Curaçao,"12,296",,123 ,,"12,145",,28,4,"74,642",747,"121,594","738,123","164,734 ",North America,13,"1,339",1,,,170
Bahamas,"12,225",,239 ,,"11,174",,812,4,"30,807",602,"102,475","258,237","396,826 ",North America,32,"1,660",4,,,"2,046"
Martinique,"12,178",,98 ,,98,,"11,982",5,"32,476",261,"191,164","509,788","374,987 ",North America,31,"3,826",2,,,"31,953"
Congo,"12,121",,160 ,,"11,211",,750,,"2,146",28,"158,304","28,033","5,647,006 ",Africa,466,"35,294",36,,,133
Hong Kong,"11,882",+1,210 ,,"11,600",,72,1,"1,573",28,"16,710,131","2,211,800","7,554,991 ",Asia,636,"35,976",0,0.1,,10
Djibouti,"11,575",,154 ,,"11,408",,13,,"11,556",154,"165,975","165,697","1,001,679 ",Africa,87,"6,504",6,,,13
Vietnam,"11,480",+268,61 ,,"4,543",+4,"6,876",,117,0.6,"6,282,417","63,993","98,173,691 ",Asia,"8,552","1,609,405",16,3,,70
Aruba,"11,084",,107 ,,"10,958",,19,14,"103,396",998,"171,739","1,602,058","107,199 ",North America,10,"1,002",1,,,177
Lesotho,"10,923",,326 ,,"6,443",,"4,154",,"5,061",151,"102,252","47,373","2,158,447 ",Africa,198,"6,621",21,,,"1,925"
South Sudan,"10,688",,115 ,,"10,514",,59,,944,10,"164,472","14,531","11,318,769 ",Africa,"1,059","98,424",69,,,5
Equatorial Guinea,"8,662",,120 ,,"8,413",,129,1,"5,988",83,"149,330","103,227","1,446,624 ",Africa,167,"12,055",10,,,89
Timor-Leste,"8,412",,19 ,,"7,039",,"1,354",,"6,267",14,"92,122","68,629","1,342,321 ",Asia,160,"70,648",15,,,"1,009"
Benin,"8,140",,103 ,,"7,979",,58,5,655,8,"604,310","48,639","12,424,453 ",Africa,"1,526","120,626",21,,,5
Nicaragua,"7,696",,188 ,,"4,225",,"3,283",,"1,149",28,,,"6,699,647 ",North America,871,"35,636",,,,490
CAR,"7,101",,98 ,,"6,859",,144,2,"1,446",20,"54,814","11,165","4,909,647 ",Africa,691,"50,098",90,,,29
Yemen,"6,864",,"1,350 ",,"3,775",,"1,739",23,225,44,"85,187","2,798","30,449,966 ",Asia,"4,436","22,556",357,,,57
Iceland,"6,622",,30 ,,"6,562",,30,1,"19,286",87,"716,877","2,087,853","343,356 ",Europe,52,"11,445",0,,,87
Gambia,"6,016",,180 ,,"5,822",,14,3,"2,425",73,"81,795","32,968","2,481,041 ",Africa,412,"13,784",30,,,6
Niger,"5,452",,192 ,,"5,172",,88,2,218,8,"112,465","4,492","25,035,365 ",Africa,"4,592","130,393",223,,,4
Saint Lucia,"5,186",,80 ,,"5,018",,88,,"28,119",434,"50,956","276,292","184,428 ",North America,36,"2,305",4,,,477
San Marino,"5,090",,90 ,,"4,999",,1,,"149,710","2,647","67,456","1,984,058","33,999 ",Europe,7,378,1,,,29
Burundi,"5,037",,8 ,,773,,"4,256",,412,0.7,"309,390","25,305","12,226,389 ",Africa,"2,427","1,528,299",40,,,348
Eritrea,"5,012",,17 ,,"4,486",,509,,"1,395",5,"23,693","6,594","3,593,160 ",Africa,717,"211,362",152,,,142
Chad,"4,943",,174 ,,"4,767",,2,,293,10,"122,852","7,281","16,872,683 ",Africa,"3,413","96,969",137,,,0.1
Sierra Leone,"4,449",,82 ,,"3,191",,"1,176",,547,10,"153,646","18,896","8,131,158 ",Africa,"1,828","99,160",53,,,145
Gibraltar,"4,312",,94 ,,"4,205",,13,,"128,025","2,791","265,300","7,876,845","33,681 ",Europe,8,358,0,,,386
Channel Islands,"4,112",,86 ,,"3,956",,70,,"23,445",490,"454,413","2,590,857","175,391 ",Europe,43,"2,039",0,,,399
Barbados,"4,038",,47 ,,"3,971",,20,,"14,035",163,"177,318","616,306","287,711 ",North America,71,"6,122",2,,,70
Comoros,"3,903",+2,146 ,,"3,742",+4,15,,"4,399",165,,,"887,201 ",Africa,227,"6,077",,2,,17
Guinea-Bissau,"3,809",+6,69 ,,"3,550",+2,190,4,"1,893",34,"70,667","35,120","2,012,164 ",Africa,528,"29,162",28,3,,94
Liechtenstein,"3,026",,59 ,,"2,954",,13,2,"79,146","1,543","49,126","1,284,911","38,233 ",Europe,13,648,1,,,340
New Zealand,"2,711",+2,26 ,,"2,662",+6,23,,542,5,"2,205,616","440,938","5,002,100 ",Australia/Oceania,"1,845","192,388",2,0.4,,5
Liberia,"2,575",,94 ,,"2,099",,382,2,498,18,"112,988","21,852","5,170,552 ",Africa,"2,008","55,006",46,,,74
Sint Maarten,"2,543",,32 ,,"2,442",,69,2,"58,676",738,"28,642","660,868","43,340 ",North America,17,"1,354",2,,,"1,592"
Monaco,"2,532",,33 ,,"2,473",,26,1,"64,090",835,"51,953","1,315,033","39,507 ",Europe,16,"1,197",1,,,658
Bermuda,"2,499",,33 ,,"2,461",,5,7,"40,269",532,"297,220","4,789,391","62,058 ",North America,25,"1,881",0,,,81
Turks and Caicos,"2,423",,18 ,,"2,389",,16,2,"61,786",459,"94,789","2,417,100","39,216 ",North America,16,"2,179",0,,,408
Sao Tome and Principe,"2,358",,37 ,,"2,307",,14,,"10,573",166,"14,270","63,983","223,029 ",Africa,95,"6,028",16,,,63
St. Vincent Grenadines,"2,158",,12 ,,"1,900",,246,2,"19,393",108,"52,205","469,149","111,276 ",North America,52,"9,273",2,,,"2,211"
Saint Martin,"2,040",,12 ,,"1,399",,629,7,"51,918",305,"27,588","702,110","39,293 ",North America,19,"3,274",1,,,"16,008"
Laos,"2,033",+8,3 ,,"1,910",+5,120,,276,0.4,"274,907","37,270","7,376,074 ",Asia,"3,628","2,458,691",27,1,,16
Bhutan,"1,842",,1 ,,"1,496",,345,,"2,362",1,"798,573","1,024,199","779,705 ",Asia,423,"779,705",1,,,442
Mauritius,"1,701",,18 ,,"1,265",,418,,"1,335",14,"358,675","281,582","1,273,784 ",Africa,749,"70,766",4,,,328
Caribbean Netherlands,"1,623",,17 ,,"1,598",,8,,"61,349",643,"8,550","323,190","26,455 ",North America,16,"1,556",3,,,302
Isle of Man,"1,599",,29 ,,"1,566",,4,1,"18,710",339,"66,925","783,097","85,462 ",Europe,53,"2,947",1,,,47
Fiji,"1,322",,5 ,,367,,950,2,"1,465",6,"153,372","169,915","902,642 ",Australia/Oceania,683,"180,528",6,,,"1,052"
Antigua and Barbuda,"1,263",,42 ,,"1,214",,7,,"12,796",426,"16,700","169,196","98,702 ",North America,78,"2,350",6,,,71
St. Barth,"1,005",,1 ,,462,,542,,"101,454",101,"26,385","2,663,537","9,906 ",North America,10,"9,906",0,,,"54,714"
Faeroe Islands,757,,1 ,,739,+11,17,,"15,436",20,"294,727","6,009,931","49,040 ",Europe,65,"49,040",0,,,347
Diamond Princess,712,,13 ,,699,,0,,,,,, ,,,,,,,
Cayman Islands,599,,2 ,,581,,16,,"9,013",30,"101,893","1,533,217","66,457 ",North America,111,"33,229",1,,,241
Tanzania,509,,21 ,,183,,305,7,8,0.3,,,"61,347,247 ",Africa,"120,525","2,921,297",,,,5
Wallis and Futuna,445,,7 ,,438,,0,,"40,271",633,"20,508","1,855,928","11,050 ",Australia/Oceania,25,"1,579",1,,,
Brunei ,250,,3 ,,239,,8,,566,7,"135,221","306,295","441,473 ",Asia,"1,766","147,158",3,,,18
British Virgin Islands,248,,1 ,,209,,38,,"8,152",33,"39,777","1,307,465","30,423 ",North America,123,"30,423",1,,,"1,249"
Saint Kitts and Nevis,244,+18, ,,64,,180,1,"4,556",,"19,154","357,631","53,558 ",North America,220,,3,336,,"3,361"
Dominica,189,, ,,188,,1,,"2,619",,"17,447","241,792","72,157 ",North America,382,,4,,,14
Grenada,161,,1 ,,160,,0,,"1,425",9,"28,684","253,794","113,021 ",North America,702,"113,021",4,,,
New Caledonia,128,, ,,58,,70,,444,,"33,057","114,735","288,115 ",Australia/Oceania,"2,251",,9,,,243
Anguilla,109,, ,,109,,0,,"7,204",,"22,201","1,467,253","15,131 ",North America,139,,1,,,
Falkland Islands,63,, ,,63,,0,,"17,617",,"7,307","2,043,345","3,576 ",South America,57,,0,,,
Macao,52,, ,,51,,1,,79,,"4,483","6,816","657,764 ",Asia,"12,649",,147,,,2
Greenland,49,, ,,40,,9,,862,,"27,387","481,623","56,864 ",North America,"1,160",,2,,,158
Vatican City,27,, ,,27,,0,,"33,624",,,,803 ,Europe,30,,,,,
Saint Pierre Miquelon,26,, ,,25,,1,,"4,508",,"6,128","1,062,598","5,767 ",North America,222,,1,,,173
Montserrat,20,,1 ,,19,,0,,"4,004",200,"1,408","281,882","4,995 ",North America,250,"4,995",4,,,
Solomon Islands,20,, ,,20,,0,,28,,"4,500","6,402","702,873 ",Australia/Oceania,"35,144",,156,,,
Western Sahara,10,,1 ,,8,,1,,16,2,,,"611,279 ",Africa,"61,128","611,279",,,,2
MS Zaandam,9,,2 ,,7,,0,,,,,, ,,,,,,,
Vanuatu,4,,1 ,,3,,0,,13,3,"23,000","73,258","313,960 ",Australia/Oceania,"78,490","313,960",14,,,
Marshall Islands,4,, ,,4,,0,,67,,,,"59,571 ",Australia/Oceania,"14,893",,,,,
Samoa,3,, ,,3,,0,,15,,,,"199,672 ",Australia/Oceania,"66,557",,,,,
Saint Helena,2,, ,,2,,0,,328,,,,"6,094 ",Africa,"3,047",,,,,
Micronesia,1,, ,,1,,0,,9,,,,"116,172 ",Australia/Oceania,"116,172",,,,,
Total:,721,,15,,706,,0,0,,,,,,, ,,,,,
Total:,"177,469,466","+70,703","3,839,875","+1,793","161,919,535","+89,301","11,710,056","83,488","22,767.7",492.6,,,,All,"
",,,,,
